Matthew, Weber, hmason, _m5bQD)u2S
Antonio, Smith, ericlynch, pvDk6Cv@o$
Jordan, Maldonado, michael90, #Cu!0DuL*6
Amy, Sanders, breyes, i$L9chK+2r
Roberto, Hill, riverajoy, Ud!q0^Gc9O
Denise, Hodges, kimberly34, x520K9r^%Z
Adam, Andrade, isanchez, d9GGBFDk%L
Laurie, Zhang, xmorgan, $9OfHeiq)b
Christie, Watson, baguilar, S751Jq*V&c
Melissa, Zamora, tim72, 4L^fSOBj*P
Stacy, Jacobs, nathanielpatrick, @LFKuP(%d8
Miss, Jade, matthew38, 5!9dFU07By
Logged in failed for matthew38
Monica, Edwards, jessica14, &gApNSvq*8
Toni, Miller, mendezcameron, +&!4Vv%)U)
Kristin, Moore, wayne13, +FRVV6zj8R
Alicia, Cunningham, mcgeemelissa, U6vUuNks5_
Elijah, James, lisaweaver, !G5K6Nqt!1
David, Pierce, amandamerritt, b)ex5QKl61
David, Pollard, philip73, 4xJ9UtVd*W
Ryan, Thomas, tgriffin, _!M3TEf#pk
Carly, Jones, anthonydiaz, %!9KWlZZ#Q
Kevin, Patel, hodgevincent, b!D2V3gj_j
William, Miller, yjones, #B1JT3Mf*B
Damon, Hodges, valdezjenna, hut5Gp1b+5
Leslie, King, davidsexton, !f0$I(j^i(
Bianca, Williams, kentrobert, *+BUTowc2v
Marcus, Nash, hughesnatasha, 1^Q5Oyds!S
Annette, Lopez, wrodriguez, 39LioYjf&y
Brian, Romero, wendyrodriguez, Joy88zMiS*
Frederick, Kramer, briggsglenn, 61^HrIoz+V
Jeffrey, Gallagher, ramireztodd, 4!O4OZ_)An
Roy, Howard, michaelsmith, %14S)gMbeQ
William, Fox, carol73, (45RZh&T*P
Olivia, Woods, harveysheri, _)9X0Isqkd
Susan, Mayo, waltonjoseph, MtJjMrqN^3
Brittany, Murray, dshepard, j&7K&mc640
Helen, Richards, emilysampson, $V8QPZ7i2f
Michael, Blake, colepatrick, (H0+qLPku&
Maria, Reynolds, justinandrews, +3DkrZQR5J
Stacie, Harris, orrricky, c3QK7sAm+9
Brian, Adams, andrew24, 2G!HsYPB^r
Fred, Gray, ashley61, afUUXJK9*1
Selena, Holmes, rgardner, Y0cFw%Rx$i
Michelle, Stein, dennis88, q8Ex%aWK+)
Alicia, Yang, roger96, Ln)9BSiUE4
Lee, Fox, hollyanderson, !2NtmwC3A$
Jennifer, Chan, david26, W2KuuaAq$v
Shane, Meza, ljohnson, z#0zyUnSrc
Margaret, Estrada, gtorres, wgkjxIWs!9
Kelly, Cameron, mary16, *A7xbrmj3y
James, Thomas, vhobbs, !G@%5YiB^X
Jasmine, Thornton, scooper, b2$NEeiC$8
Victoria, Norton, vwilson, ^5R08WjcAP
Lisa, Taylor, morganquinn, &k9uYg(xV3
Janice, Mckinney, sheilaramos, g^7P#mYxj$
Timothy, Woods, emilyfritz, Z_zLYjh$^8
Bradley, Perez, roberta30, &bZZFj^Z52
Kristi, Rodriguez, lee67, &DJhwP^Nn4
Bryan, Jones, davissean, +UyNvSObP2
Marcus, Taylor, lawsonallison, 0z1*JsSxC^
Amy, Maldonado, meyersjustin, 6x^8Aq%S(P
Jonathon, Hines, hbrown, 6dMCP*cu*P
Jeffrey, Stark, robertbaker, O!$3AewODD
Emily, Gay, scottlynch, jS4VCNMwx&
Stefanie, Ball, karenhansen, _+^%4kLfgq
Expception: [',  ']
Leslie, Pierce, karen97, *tVL)rWx2g
Robert, Acevedo, dwhite, 89B4g)z2#U
John, Fritz, aprilmelton, M!0XCMqm_)
Denise, Berry, drichards, r9T*gDdZ&z
Lisa, Lewis, hpeterson, V6%W%eoj!f
Logged in failed for hpeterson
David, Fry, megan81, Sp+8RluB&8
Logged in failed for megan81
Carol, Moore, danieltaylor, s*X0Vr@xM8
Gary, Taylor, joshua47, )#3(8FWuig
Erika, Colon, nortonsamantha, )%C6MXEs6j
Daniel, Huynh, wilsonerika, 8i4)HlS9P^
Nathaniel, Rangel, maryking, weyA#CWv#6
Christopher, Clayton, meganevans, GM7(*MyAA*
Brittney, Burch, robin47, PB*fT1UdIH
Michael, Sanchez, perezsteve, (MDj(5FkMk
Elaine, Dean, victoria50, _$X1HsFg09
Adrienne, Smith, burtonfrancisco, r9zGwp#*!r
Carlos, Jones, samanthacole, p&9MdHDDao
Seth, Austin, owenstiffany, *&LHxg3a+0
Diana, Trujillo, dawn50, (xA!ev^b5K
Bruce, Davis, kennedykathy, %M5O44wzh)
Amanda, Sherman, alexispruitt, _43Gj0gWh(
Cindy, Cooper, dawsonkatherine, h3WnZy!b_T
John, Elliott, beverlysmith, %8Ei4eGa%Z
Alexis, Davis, alexandermendoza, 8A)cD_Ku&6
Ralph, Anderson, floresjames, ^h3VTj7yct
Diana, Brown, bterry, oElMqez@%7
Lindsay, Fowler, georgeroberts, 3UU38vk#)b
Jenna, Wilson, jenniferthomas, 1KBOSLhz*b
Bryan, Lee, griffinelizabeth, ip(2HkQsjM
Jennifer, Palmer, daniellerollins, 79RlBekf!c
John, Hammond, ftaylor, 2LgV0Q2x%L
Angela, Rowland, nicholeheath, @_WRtu!py7
Hayley, Krause, zclark, 69mRNqq!@9
Monica, Cunningham, shannon50, 0VES86gB*j
